company,url_about_us
"NTT America, Inc.",https://www.global.ntt/about-us/
Henneo,https://www.henneo.com/quienes-somos/mision-vision-y-valores/
Caixabank Digital Hub,https://www.caixabank.com/es/sobre-nosotros/conocenos/mision-vision-valores.html
Getnet,https://www.getnet.eu/sobre-getnet
Merlin Digital Partner,https://www.merlindp.com/en/merliners
Darwin AI,https://www.getdarwin.ai/es/about-us?utm_source=Google&utm_campaign=BOFU-GG-TF-ESP-sembrand-AON&utm_content=generico&utm_term=darwin+ai%7Cphid-019a9c6b-ba04-7bd4-b364-863dbd6f87d2
Qualentum,https://www.qualentum.com/nosotros/
Plexus,https://www.plexus.es/somos/
,nan
Grupo Digital,https://www.grupodigital.eu/nosotros/
Social You,https://socialyou.es
Extia,https://www.extia-group.com/es-es/about-us
Sopra-Steria,https://www.soprasteria.es/conocenos/nuestra-mision
Accenture,https://www.accenture.com/us-en/about/company-index
Rentokil Initial,https://www.rentokil-initial.com/about-us.aspx
Krell Consulting & Training,https://krell-consulting.com/sobre-nosotros/
CAIXABANK DIGITAL HUB,https://www.caixabank.com/es/sobre-nosotros/conocenos/mision-vision-valores.html
SEAT SA,https://www.seat.es/sobre-seat/creatividad-urbana
Raona,https://raona.com/quienes-somos/
Manpower Trabajo Temporal,https://www.manpower.es/es/quienes-somos
Randstad ES,https://www.randstad.es/nosotros/
Fundación Universitaria San Pablo CEU,https://www.uspceu.com/conocenos/modelo-de-universidad
Babel,https://babelgroup.com/cultura-babel/
Michael Page,https://www.page.com/about-us
ZYLK,https://www.zylk.net/es/about-us
Page Personnel ETT,https://personal7.es/nosotros/
IRIUM - Spain,https://www.irium.es/about
Plain Concepts,https://www.plainconcepts.com/es/quienes-somos/
BIP Group,https://bipgroup.com/about-us.php
"Monlau Centre d'Estudis, S.A.",https://monlaucorporate.com
Tecnalia Ofertas De Empleo,https://www.tecnalia.com/quienes-somos
SlashMobility,https://slashmobility.com/empresa/
RDT,https://www.rdt.com/es/sobre-rdt?_gl=1*f7qx*_up*MQ..*_ga*NzcxOTk5NjUuMTc2MzU2MTc1Mg..*_ga_4CM4J2W2V2*czE3NjM1NjE3NTEkbzEkZzAkdDE3NjM1NjE3NTEkajYwJGwwJGgw
Infinity Neural,https://infinityneural.com/
Primer Impacto,https://primer-impacto.com/nosotros/
Sener,https://www.group.sener/conocenos/proposito-valores/
BKH Recruitment,https://bhkengineering.com
EY,https://www.ey.com/es_es/about-us
T-Systems Iberia,https://www.telekom.com/en/company/companyprofile/company-profile-625808
Talent-R,https://talent-r.com/about-us/
Prishia,https://prishia.es
Téciman,https://www.teciman.com/quienes-somos/
Cencora,https://www.cencora.com/about
ingles para pueblos,https://inglesparapueblos.com
Everfield,https://everfield.com/who-we-are
primer impacto,https://primer-impacto.com/nosotros/
Inetum Spain,https://www.inetum.com/es/sobre-nosotros
DXC Technology,https://dxc.com/us/en/about-us
Irium,https://www.irium.es/about
Trigo Quality Ibérica,https://www.trigo-group.com/en/company/about-TRIGO
Findasense,https://elreferente.es/directorio/findasense/
FeverUp,https://newsroom.feverup.com/en-US/about/
main,nan
Adecco,https://www.adeccogroup.com/our-group/about-us
Correduría Seguros Nogal,https://www.segurosnogal.es/nosotros/
Grupo Quirónsalud,https://qsalud.com/quienes-somos/
ITI,https://www.iti.es/sobre-iti/que-es-iti/
Siemens Rail Automation S.A.U,https://www.siemens.com/global/en/company/about.html
Ikerlan,https://www.ikerlan.es/somos-ikerlan
Metaqare Intellihealth,https://metaqare.ai/company.php#about
Logiscool,https://www.logiscool.com/es/our-story
VISEO - Spain,https://iberia.viseo.com/quienes-somos/
Inkoova,https://inkoova.com/empresa/
HAYS,https://www.hays.es/acerca-de-hays
The Lab Ventures,https://www.thelabventures.com/
SDi Digital Group,https://www.sdi.es/empresa/
Experis España,https://www.experis.es/es/acerca-de-nosotros
Impuso Veritas Solutions Sl,https://impulso-veritas-solutions-dd0415.webflow.io/quienes-somos
Talent Connect,https://jobs.talentconnect.ai
Gfi Informatique,https://www.gifi.fr/qui-sommes-nous.html
"Oftex internacionalización, S.L.",https://www.oftex.es/solucion-integral/
Prodware Group,https://www.prodwaregroup.com/es-es/vision/
Garaje de Ideas,https://www.garajedeideas.com/es/approach/overview
CLARA.IA,https://www.clara.com/es-mx/acerca-de-clara
GRUPO PAMPLING,https://pampling.factorial.es
El Corte Ingles,https://www.elcorteingles.es/informacioncorporativa/es/quienes-somos/modelo-de-negocio/
Casusbelli Capital,https://empresite.eleconomista.es/CASUSBELLI-CAPITAL.html
Ecix Tech,https://ecix.tech
Fundación El Tranvía,https://ftranvia.org/mision-vision-y-valores/
CMV Consultores,https://www.cmvconsultores.es/empresa.html
Trabajos en Ecix Tech,https://ecix.tech
Lefebvre,https://www.lefebvre.es/conocenos/
Multiópticas,https://www.multiopticas.com/es/info/sobre-nosotros.html
Consultoria Geneo Ia,https://www.geneo.co.uk/about-geneo-lean-consulting-and-software/
Adevinta,https://www.adevinta.com/about-us/
Optirankapp,https://optirankapp.com/
KOVA BUILDER,https://kova-builder.com/about
OCA Global,https://www.ocaglobal.com/es/conocenos/
Oowlish Technology,https://www.oowlish.com/#about-us
Circet España,https://www.circet.com/company/overview
QSalud,https://qsalud.com/quienes-somos/
Inetum North,https://www.inetum.com/es/sobre-nosotros
